TRANSACTION_ID,STORE_ID,TRANSACTION_DATE,PRODUCT_ID,QUANTITY,DISCOUNT_PERCENT,O_QUANTITY,O_DISCOUNT,O_TRANSACTION_DATE,REJECT_FLAG,REJECT_REASON
"100024",,"4/7/2024","P_005","5","10",5,10,"4/7/2024",1,"Null Store"
"100035","101","2026/13/40","P_039","5","15",5,15,"2026/13/40",1,"Invalid Da"
"100048","104","4/12/2024",,"4","10",4,10,"4/12/2024",1,"Null Produ"
"100059","106","4/10/2024",,"1","10",1,10,"4/10/2024",1,"Null Produ"
"100095","105","2026/13/40","P_014","4","10",4,10,"2026/13/40",1,"Invalid Da"
"100100","106","2026/13/40","P_003","3","5",3,5,"2026/13/40",1,"Invalid Da"
"100103","102","4/22/2024",,"5","10",5,10,"4/22/2024",1,"Null Produ"
"100106","103","4/19/2024","P_005","0","10",0,10,"4/19/2024",1,"Zero Quant"
"100125","107","4/22/2024","P_033","5","150",5,150,"4/22/2024",1,"Discount >"
"100134","103","4/6/2024","P_040","2","150",2,150,"4/6/2024",1,"Discount >"
"100141","103","4/12/2024","P_037","4","150",4,150,"4/12/2024",1,"Discount >"
"100156","101","4/24/2024",,"3","5",3,5,"4/24/2024",1,"Null Produ"
"100178","103","2026/13/40","P_049","1","15",1,15,"2026/13/40",1,"Invalid Da"
"100185","106","4/18/2024",,"3","20",3,20,"4/18/2024",1,"Null Produ"
"100191","107","2026/13/40","P_007","3","15",3,15,"2026/13/40",1,"Invalid Da"
"100225","102","4/6/2024",,"3","5",3,5,"4/6/2024",1,"Null Produ"
"100243","105","4/14/2024",,"2","10",2,10,"4/14/2024",1,"Null Produ"
"100277","102","4/4/2024",,"4","5",4,5,"4/4/2024",1,"Null Produ"
"100282","103","2026/13/40","P_005","4","0",4,0,"2026/13/40",1,"Invalid Da"
"100304","104","4/4/2024","P_045","4","150",4,150,"4/4/2024",1,"Discount >"
"100306",,"4/28/2024","P_019","1","10",1,10,"4/28/2024",1,"Null Store"
"100306","106","4/28/2024",,"5","15",5,15,"4/28/2024",1,"Null Produ"
"100331","102","4/27/2024","P_049","0","0",0,0,"4/27/2024",1,"Zero Quant"
"100332","108","4/3/2024",,"1","5",1,5,"4/3/2024",1,"Null Produ"
"100354","107","2026/13/40","P_027","2","15",2,15,"2026/13/40",1,"Invalid Da"
"100362","103","4/5/2024","P_044","1","150",1,150,"4/5/2024",1,"Discount >"
"100376","105","2026/13/40","P_001","4","10",4,10,"2026/13/40",1,"Invalid Da"
"100402","103","2026/13/40","P_013","2","10",2,10,"2026/13/40",1,"Invalid Da"
"100403","101","4/29/2024",,"4","5",4,5,"4/29/2024",1,"Null Produ"
"100409","107","4/27/2024","P_045","0","0",0,0,"4/27/2024",1,"Zero Quant"
"100410",,"4/13/2024","P_017","1","0",1,0,"4/13/2024",1,"Null Store"
"100415","107","2026/13/40","P_037","5","20",5,20,"2026/13/40",1,"Invalid Da"
"100438","101","4/7/2024","P_013","0","20",0,20,"4/7/2024",1,"Zero Quant"
"100478","106","2026/13/40","P_021","5","15",5,15,"2026/13/40",1,"Invalid Da"
"100482","107","4/27/2024",,"5","20",5,20,"4/27/2024",1,"Null Produ"
"100485","107","4/22/2024",,"3","20",3,20,"4/22/2024",1,"Null Produ"
"100495","103","5/27/2024","P_010","1","150",1,150,"5/27/2024",1,"Discount >"
"100559","108","5/16/2024",,"3","5",3,5,"5/16/2024",1,"Null Produ"
"100564","102","5/22/2024","P_039","5","150",5,150,"5/22/2024",1,"Discount >"
"100575",,"5/11/2024","P_020","3","10",3,10,"5/11/2024",1,"Null Store"
"100584","101","2026/13/40","P_047","1","20",1,20,"2026/13/40",1,"Invalid Da"
"100591",,"5/31/2024","P_038","2","10",2,10,"5/31/2024",1,"Null Store"
"100599","105","5/25/2024",,"3","15",3,15,"5/25/2024",1,"Null Produ"
"100602","107","5/25/2024",,"5","5",5,5,"5/25/2024",1,"Null Produ"
"100632","101","5/20/2024","P_008","0","20",0,20,"5/20/2024",1,"Zero Quant"
"100653","101","5/29/2024",,"3","5",3,5,"5/29/2024",1,"Null Produ"
"100656",,"5/10/2024","P_003","2","10",2,10,"5/10/2024",1,"Null Store"
"100660",,"5/15/2024","P_047","4","0",4,0,"5/15/2024",1,"Null Store"
"100668","108","5/26/2024",,"4","20",4,20,"5/26/2024",1,"Null Produ"
"100695",,"5/31/2024","P_017","4","10",4,10,"5/31/2024",1,"Null Store"
"100722","101","5/5/2024","P_039","0","0",0,0,"5/5/2024",1,"Zero Quant"
"100744","107","5/25/2024","P_011","0","10",0,10,"5/25/2024",1,"Zero Quant"
"100764","101","2026/13/40","P_026","4","0",4,0,"2026/13/40",1,"Invalid Da"
"100767","103","5/8/2024",,"1","20",1,20,"5/8/2024",1,"Null Produ"
"100777","102","5/27/2024",,"4","0",4,0,"5/27/2024",1,"Null Produ"
"100785","107","5/18/2024","P_015","0","5",0,5,"5/18/2024",1,"Zero Quant"
"100787","102","2026/13/40","P_015","4","0",4,0,"2026/13/40",1,"Invalid Da"
"100787","102","2026/13/40","P_015","4","0",4,0,"2026/13/40",1,"Invalid Da"
"100818","106","5/2/2024","P_036","0","15",0,15,"5/2/2024",1,"Zero Quant"
"100820","108","5/24/2024","P_041","0","15",0,15,"5/24/2024",1,"Zero Quant"
"100820","108","5/24/2024","P_041","0","15",0,15,"5/24/2024",1,"Zero Quant"
"100836","106","5/7/2024","P_001","0","0",0,0,"5/7/2024",1,"Zero Quant"
"100843","108","2026/13/40","P_019","2","15",2,15,"2026/13/40",1,"Invalid Da"
"100846","103","5/5/2024",,"3","5",3,5,"5/5/2024",1,"Null Produ"
"100847","106","5/21/2024",,"2","20",2,20,"5/21/2024",1,"Null Produ"
"100850","103","5/17/2024","P_031","0","0",0,0,"5/17/2024",1,"Zero Quant"
"100852",,"5/19/2024","P_012","1","5",1,5,"5/19/2024",1,"Null Store"
"100862","102","5/23/2024","P_040","5","150",5,150,"5/23/2024",1,"Discount >"
"100867","105","5/22/2024","P_008","2","150",2,150,"5/22/2024",1,"Discount >"
"100879",,"5/5/2024","P_028","3","20",3,20,"5/5/2024",1,"Null Store"
"100899","103","5/1/2024","P_049","4","150",4,150,"5/1/2024",1,"Discount >"
"100903","105","5/1/2024",,"1","10",1,10,"5/1/2024",1,"Null Produ"
"100935","104","5/13/2024",,"2","0",2,0,"5/13/2024",1,"Null Produ"
"100937","103","5/26/2024",,"5","5",5,5,"5/26/2024",1,"Null Produ"
"100943","106","2026/13/40","P_037","3","5",3,5,"2026/13/40",1,"Invalid Da"
"100949","104","6/23/2024",,"5","5",5,5,"6/23/2024",1,"Null Produ"
"100959","108","2026/13/40","P_001","5","10",5,10,"2026/13/40",1,"Invalid Da"
"100971","101","6/20/2024","P_017","0","0",0,0,"6/20/2024",1,"Zero Quant"
"100980","108","6/3/2024",,"4","0",4,0,"6/3/2024",1,"Null Produ"
"101001","103","2026/13/40","P_025","2","20",2,20,"2026/13/40",1,"Invalid Da"
"101018","101","6/3/2024",,"4","20",4,20,"6/3/2024",1,"Null Produ"
"101022","106","2026/13/40","P_025","1","20",1,20,"2026/13/40",1,"Invalid Da"
"101022","103","6/26/2024",,"2","0",2,0,"6/26/2024",1,"Null Produ"
"101022","106","6/26/2024","P_023","5","150",5,150,"6/26/2024",1,"Discount >"
"101030","105","6/19/2024","P_013","0","15",0,15,"6/19/2024",1,"Zero Quant"
"101042","104","6/4/2024","P_038","3","150",3,150,"6/4/2024",1,"Discount >"
"101060",,"6/6/2024","P_024","3","5",3,5,"6/6/2024",1,"Null Store"
"101061","108","6/24/2024","P_038","2","150",2,150,"6/24/2024",1,"Discount >"
"101076","108","6/30/2024","P_032","0","0",0,0,"6/30/2024",1,"Zero Quant"
"101079",,"6/6/2024","P_037","3","15",3,15,"6/6/2024",1,"Null Store"
"101094","106","6/27/2024","P_029","2","150",2,150,"6/27/2024",1,"Discount >"
"101098","108","6/8/2024",,"5","15",5,15,"6/8/2024",1,"Null Produ"
"101101","107","2026/13/40","P_049","1","20",1,20,"2026/13/40",1,"Invalid Da"
"101113",,"6/13/2024","P_002","1","10",1,10,"6/13/2024",1,"Null Store"
"101124","102","6/22/2024",,"3","0",3,0,"6/22/2024",1,"Null Produ"
"101127","101","6/21/2024","P_023","0","10",0,10,"6/21/2024",1,"Zero Quant"
"101130",,"6/5/2024","P_025","5","5",5,5,"6/5/2024",1,"Null Store"
"101155","101","2026/13/40","P_047","3","0",3,0,"2026/13/40",1,"Invalid Da"
"101168","106","6/12/2024",,"2","5",2,5,"6/12/2024",1,"Null Produ"
"101171",,"6/14/2024","P_043","4","15",4,15,"6/14/2024",1,"Null Store"
"101182","103","6/9/2024","P_029","0","15",0,15,"6/9/2024",1,"Zero Quant"
"101183","108","2026/13/40","P_042","2","5",2,5,"2026/13/40",1,"Invalid Da"
"101188","105","6/9/2024","P_048","0","5",0,5,"6/9/2024",1,"Zero Quant"
"101194","106","6/14/2024",,"5","15",5,15,"6/14/2024",1,"Null Produ"
"101215","107","6/10/2024",,"5","5",5,5,"6/10/2024",1,"Null Produ"
"101219","104","6/12/2024","P_047","0","5",0,5,"6/12/2024",1,"Zero Quant"
"101256","106","6/16/2024","P_012","0","0",0,0,"6/16/2024",1,"Zero Quant"
"101267","101","6/7/2024","P_019","0","5",0,5,"6/7/2024",1,"Zero Quant"
"101284",,"6/3/2024","P_028","3","20",3,20,"6/3/2024",1,"Null Store"
"101286",,"6/7/2024","P_030","4","5",4,5,"6/7/2024",1,"Null Store"
"101287","107","6/21/2024","P_033","5","150",5,150,"6/21/2024",1,"Discount >"
"101293","103","6/10/2024",,"2","20",2,20,"6/10/2024",1,"Null Produ"
"101309","105","6/12/2024","P_008","0","15",0,15,"6/12/2024",1,"Zero Quant"
"101317",,"6/29/2024","P_007","5","20",5,20,"6/29/2024",1,"Null Store"
"101321",,"6/3/2024","P_030","2","10",2,10,"6/3/2024",1,"Null Store"
"101334","101","6/4/2024","P_028","0","5",0,5,"6/4/2024",1,"Zero Quant"
"101339","105","6/15/2024","P_021","0","10",0,10,"6/15/2024",1,"Zero Quant"
"101380","106","6/10/2024",,"2","5",2,5,"6/10/2024",1,"Null Produ"
"101389",,"6/10/2024","P_042","5","0",5,0,"6/10/2024",1,"Null Store"
"101428",,"7/28/2024","P_005","5","20",5,20,"7/28/2024",1,"Null Store"
"101429","104","7/22/2024","P_001","4","150",4,150,"7/22/2024",1,"Discount >"
"101430","103","7/31/2024",,"2","10",2,10,"7/31/2024",1,"Null Produ"
"101436","103","2026/13/40","P_048","4","20",4,20,"2026/13/40",1,"Invalid Da"
"101436","103","2026/13/40","P_048","4","20",4,20,"2026/13/40",1,"Invalid Da"
"101463","103","7/27/2024",,"5","0",5,0,"7/27/2024",1,"Null Produ"
"101470","106","7/2/2024",,"3","15",3,15,"7/2/2024",1,"Null Produ"
"101560","106","7/30/2024","P_035","0","10",0,10,"7/30/2024",1,"Zero Quant"
"101587","101","7/31/2024","P_026","0","5",0,5,"7/31/2024",1,"Zero Quant"
"101616","106","7/2/2024","P_046","3","150",3,150,"7/2/2024",1,"Discount >"
"101631",,"7/30/2024","P_006","5","20",5,20,"7/30/2024",1,"Null Store"
"101634","101","7/16/2024",,"2","5",2,5,"7/16/2024",1,"Null Produ"
"101669","103","7/3/2024","P_004","5","150",5,150,"7/3/2024",1,"Discount >"
"101672","101","7/3/2024","P_029","0","20",0,20,"7/3/2024",1,"Zero Quant"
"101674","102","7/15/2024","P_006","0","0",0,0,"7/15/2024",1,"Zero Quant"
"101675","101","7/22/2024","P_014","2","150",2,150,"7/22/2024",1,"Discount >"
"101676","104","7/1/2024",,"5","10",5,10,"7/1/2024",1,"Null Produ"
"101690",,"7/8/2024","P_026","4","15",4,15,"7/8/2024",1,"Null Store"
"101693","101","7/25/2024",,"4","20",4,20,"7/25/2024",1,"Null Produ"
"101710","106","2026/13/40","P_026","5","15",5,15,"2026/13/40",1,"Invalid Da"
"101764","106","7/28/2024",,"3","0",3,0,"7/28/2024",1,"Null Produ"
"101771","108","7/4/2024",,"1","0",1,0,"7/4/2024",1,"Null Produ"
"101784","107","2026/13/40","P_016","1","20",1,20,"2026/13/40",1,"Invalid Da"
"101788",,"7/28/2024","P_015","1","5",1,5,"7/28/2024",1,"Null Store"
"101796","107","7/30/2024","P_044","1","150",1,150,"7/30/2024",1,"Discount >"
"101796","107","7/30/2024","P_044","1","150",1,150,"7/30/2024",1,"Discount >"
"101800","101","7/30/2024","P_014","2","150",2,150,"7/30/2024",1,"Discount >"
"101812","106","7/22/2024",,"3","5",3,5,"7/22/2024",1,"Null Produ"
"101873","105","8/26/2024","P_010","0","0",0,0,"8/26/2024",1,"Zero Quant"
"101881","101","8/26/2024",,"2","0",2,0,"8/26/2024",1,"Null Produ"
"101893",,"8/16/2024","P_033","1","0",1,0,"8/16/2024",1,"Null Store"
"101901",,"8/20/2024","P_003","3","20",3,20,"8/20/2024",1,"Null Store"
"101911","105","8/25/2024",,"5","10",5,10,"8/25/2024",1,"Null Produ"
"101919","104","8/12/2024","P_022","5","150",5,150,"8/12/2024",1,"Discount >"
"101927","107","8/14/2024",,"2","15",2,15,"8/14/2024",1,"Null Produ"
"101927","107","8/14/2024",,"2","15",2,15,"8/14/2024",1,"Null Produ"
"101933","105","2026/13/40","P_024","4","0",4,0,"2026/13/40",1,"Invalid Da"
"101937","102","8/6/2024","P_031","0","5",0,5,"8/6/2024",1,"Zero Quant"
"101949","108","8/18/2024",,"2","15",2,15,"8/18/2024",1,"Null Produ"
"101957","108","8/6/2024",,"4","10",4,10,"8/6/2024",1,"Null Produ"
"101972","105","8/16/2024",,"5","0",5,0,"8/16/2024",1,"Null Produ"
"101996","108","8/10/2024",,"1","20",1,20,"8/10/2024",1,"Null Produ"
"102010",,"8/23/2024","P_047","4","0",4,0,"8/23/2024",1,"Null Store"
"102015","102","8/29/2024","P_031","4","150",4,150,"8/29/2024",1,"Discount >"
"102027","104","8/29/2024",,"4","20",4,20,"8/29/2024",1,"Null Produ"
"102031","103","8/28/2024",,"5","15",5,15,"8/28/2024",1,"Null Produ"
"102032","104","8/19/2024","P_017","0","10",0,10,"8/19/2024",1,"Zero Quant"
"102040","108","8/18/2024","P_023","1","150",1,150,"8/18/2024",1,"Discount >"
"102043",,"8/20/2024","P_027","3","5",3,5,"8/20/2024",1,"Null Store"
"102070","104","8/26/2024","P_007","3","150",3,150,"8/26/2024",1,"Discount >"
"102071","104","8/1/2024",,"1","5",1,5,"8/1/2024",1,"Null Produ"
"102081","108","2026/13/40","P_005","4","5",4,5,"2026/13/40",1,"Invalid Da"
"102100",,"8/14/2024","P_043","4","0",4,0,"8/14/2024",1,"Null Store"
"102101",,"8/25/2024","P_010","4","0",4,0,"8/25/2024",1,"Null Store"
"102109",,"8/6/2024","P_042","3","5",3,5,"8/6/2024",1,"Null Store"
"102112","104","8/2/2024","P_001","0","20",0,20,"8/2/2024",1,"Zero Quant"
"102124","105","2026/13/40","P_022","3","20",3,20,"2026/13/40",1,"Invalid Da"
"102137","102","8/15/2024",,"2","5",2,5,"8/15/2024",1,"Null Produ"
"102155","101","2026/13/40","P_025","2","15",2,15,"2026/13/40",1,"Invalid Da"
"102172",,"8/16/2024","P_030","2","10",2,10,"8/16/2024",1,"Null Store"
"102209","102","8/1/2024",,"3","10",3,10,"8/1/2024",1,"Null Produ"
"102238",,"8/9/2024","P_017","2","5",2,5,"8/9/2024",1,"Null Store"
"102248",,"8/10/2024","P_038","4","0",4,0,"8/10/2024",1,"Null Store"
"102270",,"8/26/2024","P_050","4","20",4,20,"8/26/2024",1,"Null Store"
"102295","105","2026/13/40","P_049","4","0",4,0,"2026/13/40",1,"Invalid Da"
"102320",,"9/16/2024","P_008","4","5",4,5,"9/16/2024",1,"Null Store"
"102328","103","9/12/2024","P_009","2","150",2,150,"9/12/2024",1,"Discount >"
"102350","101","9/9/2024","P_039","4","150",4,150,"9/9/2024",1,"Discount >"
"102351","108","9/19/2024","P_019","4","150",4,150,"9/19/2024",1,"Discount >"
"102361","107","9/30/2024",,"1","0",1,0,"9/30/2024",1,"Null Produ"
"102366","106","9/8/2024",,"1","0",1,0,"9/8/2024",1,"Null Produ"
"102374","106","9/14/2024",,"2","15",2,15,"9/14/2024",1,"Null Produ"
"102404",,"9/16/2024","P_047","5","10",5,10,"9/16/2024",1,"Null Store"
"102409","106","9/8/2024",,"4","10",4,10,"9/8/2024",1,"Null Produ"
"102419",,"9/25/2024","P_016","1","5",1,5,"9/25/2024",1,"Null Store"
"102480","101","9/7/2024",,"5","5",5,5,"9/7/2024",1,"Null Produ"
"102509","101","2026/13/40","P_019","3","5",3,5,"2026/13/40",1,"Invalid Da"
"102523","106","9/7/2024","P_048","2","150",2,150,"9/7/2024",1,"Discount >"
"102540","108","9/19/2024",,"2","20",2,20,"9/19/2024",1,"Null Produ"
"102543","104","9/3/2024","P_020","5","150",5,150,"9/3/2024",1,"Discount >"
"102563","102","2026/13/40","P_007","4","0",4,0,"2026/13/40",1,"Invalid Da"
"102574","104","9/2/2024","P_030","0","5",0,5,"9/2/2024",1,"Zero Quant"
"102574","104","9/2/2024","P_030","0","5",0,5,"9/2/2024",1,"Zero Quant"
"102581","104","9/1/2024","P_010","0","0",0,0,"9/1/2024",1,"Zero Quant"
"102594","108","2026/13/40","P_001","4","0",4,0,"2026/13/40",1,"Invalid Da"
"102601","101","9/23/2024","P_047","0","0",0,0,"9/23/2024",1,"Zero Quant"
"102629","107","10/3/2024","P_039","0","0",0,0,"10/3/2024",1,"Zero Quant"
"102633","106","2026/13/40","P_045","5","5",5,5,"2026/13/40",1,"Invalid Da"
"102638","105","10/31/2024",,"1","10",1,10,"10/31/2024",1,"Null Produ"
"102641","104","2026/13/40","P_029","3","15",3,15,"2026/13/40",1,"Invalid Da"
"102645","106","2026/13/40","P_033","5","15",5,15,"2026/13/40",1,"Invalid Da"
"102685",,"10/6/2024","P_028","3","20",3,20,"10/6/2024",1,"Null Store"
"102686","101","10/23/2024",,"2","0",2,0,"10/23/2024",1,"Null Produ"
"102710","102","10/27/2024","P_030","3","150",3,150,"10/27/2024",1,"Discount >"
"102747",,"10/30/2024","P_012","4","0",4,0,"10/30/2024",1,"Null Store"
"102750",,"10/28/2024","P_036","4","20",4,20,"10/28/2024",1,"Null Store"
"102773","102","10/9/2024","P_028","3","150",3,150,"10/9/2024",1,"Discount >"
"102808",,"10/16/2024","P_049","3","15",3,15,"10/16/2024",1,"Null Store"
"102813","101","10/9/2024",,"3","5",3,5,"10/9/2024",1,"Null Produ"
"102822","101","10/21/2024",,"3","0",3,0,"10/21/2024",1,"Null Produ"
"102829","101","2026/13/40","P_005","5","15",5,15,"2026/13/40",1,"Invalid Da"
"102852","108","2026/13/40","P_042","4","5",4,5,"2026/13/40",1,"Invalid Da"
"102879","102","10/4/2024",,"3","0",3,0,"10/4/2024",1,"Null Produ"
"102888","106","2026/13/40","P_048","2","20",2,20,"2026/13/40",1,"Invalid Da"
"102895","104","10/11/2024",,"5","20",5,20,"10/11/2024",1,"Null Produ"
"102925","103","2026/13/40","P_018","4","20",4,20,"2026/13/40",1,"Invalid Da"
"102928","102","10/22/2024",,"3","0",3,0,"10/22/2024",1,"Null Produ"
"102932","104","10/21/2024","P_024","0","15",0,15,"10/21/2024",1,"Zero Quant"
"102933","104","10/8/2024","P_016","0","15",0,15,"10/8/2024",1,"Zero Quant"
"102949","108","10/29/2024",,"2","10",2,10,"10/29/2024",1,"Null Produ"
"102953","106","10/4/2024","P_031","2","150",2,150,"10/4/2024",1,"Discount >"
"102954","103","2026/13/40","P_002","5","5",5,5,"2026/13/40",1,"Invalid Da"
"102959","107","10/31/2024",,"3","20",3,20,"10/31/2024",1,"Null Produ"
"102960","104","10/22/2024",,"3","10",3,10,"10/22/2024",1,"Null Produ"
"102984","107","10/13/2024",,"3","15",3,15,"10/13/2024",1,"Null Produ"
"102987","103","2026/13/40","P_040","5","20",5,20,"2026/13/40",1,"Invalid Da"
"102990","107","10/30/2024","P_048","5","150",5,150,"10/30/2024",1,"Discount >"
"103023","108","10/18/2024",,"4","15",4,15,"10/18/2024",1,"Null Produ"
"103036","106","10/27/2024",,"5","15",5,15,"10/27/2024",1,"Null Produ"
"103058","102","10/20/2024","P_007","0","5",0,5,"10/20/2024",1,"Zero Quant"
"103069",,"10/1/2024","P_041","5","20",5,20,"10/1/2024",1,"Null Store"
"103084","103","10/10/2024","P_035","1","150",1,150,"10/10/2024",1,"Discount >"
"103147","104","2026/13/40","P_023","1","5",1,5,"2026/13/40",1,"Invalid Da"
"103183","104","11/19/2024","P_019","0","15",0,15,"11/19/2024",1,"Zero Quant"
"103195","104","11/7/2024",,"1","10",1,10,"11/7/2024",1,"Null Produ"
"103204","104","11/22/2024","P_027","2","150",2,150,"11/22/2024",1,"Discount >"
"103237",,"11/9/2024","P_041","1","5",1,5,"11/9/2024",1,"Null Store"
"103281",,"11/28/2024","P_016","5","0",5,0,"11/28/2024",1,"Null Store"
"103282","107","2026/13/40","P_020","1","15",1,15,"2026/13/40",1,"Invalid Da"
"103290","104","11/24/2024",,"2","0",2,0,"11/24/2024",1,"Null Produ"
"103301","104","2026/13/40","P_032","2","0",2,0,"2026/13/40",1,"Invalid Da"
"103337",,"11/15/2024","P_048","4","15",4,15,"11/15/2024",1,"Null Store"
"103339","102","2026/13/40","P_007","2","15",2,15,"2026/13/40",1,"Invalid Da"
"103360",,"11/13/2024","P_022","5","5",5,5,"11/13/2024",1,"Null Store"
"103363","106","11/30/2024",,"5","5",5,5,"11/30/2024",1,"Null Produ"
"103384","102","11/15/2024","P_015","0","15",0,15,"11/15/2024",1,"Zero Quant"
"103389","106","11/12/2024",,"2","20",2,20,"11/12/2024",1,"Null Produ"
"103410","108","11/29/2024",,"2","0",2,0,"11/29/2024",1,"Null Produ"
"103441","106","11/13/2024","P_026","4","150",4,150,"11/13/2024",1,"Discount >"
"103476","104","11/27/2024",,"5","0",5,0,"11/27/2024",1,"Null Produ"
"103476","104","11/27/2024",,"5","0",5,0,"11/27/2024",1,"Null Produ"
"103495","103","2026/13/40","P_027","4","15",4,15,"2026/13/40",1,"Invalid Da"
"103505","108","11/16/2024",,"3","5",3,5,"11/16/2024",1,"Null Produ"
"103509","102","11/23/2024",,"4","15",4,15,"11/23/2024",1,"Null Produ"
"103529","104","11/6/2024","P_003","0","0",0,0,"11/6/2024",1,"Zero Quant"
"103557","105","2026/13/40","P_018","5","15",5,15,"2026/13/40",1,"Invalid Da"
"103572","108","11/25/2024",,"2","20",2,20,"11/25/2024",1,"Null Produ"
"103660",,"12/25/2024","P_033","4","15",4,15,"12/25/2024",1,"Null Store"
"103679","101","2026/13/40","P_042","3","10",3,10,"2026/13/40",1,"Invalid Da"
"103683","104","12/28/2024","P_041","2","150",2,150,"12/28/2024",1,"Discount >"
"103697","101","12/17/2024","P_008","2","150",2,150,"12/17/2024",1,"Discount >"
"103702","105","2026/13/40","P_045","3","0",3,0,"2026/13/40",1,"Invalid Da"
"103716",,"12/11/2024","P_045","2","10",2,10,"12/11/2024",1,"Null Store"
"103730",,"12/8/2024","P_023","5","20",5,20,"12/8/2024",1,"Null Store"
"103745",,"12/9/2024","P_015","4","20",4,20,"12/9/2024",1,"Null Store"
"103746","106","12/2/2024",,"3","10",3,10,"12/2/2024",1,"Null Produ"
"103761","107","12/21/2024",,"4","20",4,20,"12/21/2024",1,"Null Produ"
"103792","105","12/15/2024","P_015","2","150",2,150,"12/15/2024",1,"Discount >"
"103811",,"12/30/2024","P_022","2","5",2,5,"12/30/2024",1,"Null Store"
"103812","101","12/21/2024",,"3","20",3,20,"12/21/2024",1,"Null Produ"
"103824","103","12/8/2024",,"5","20",5,20,"12/8/2024",1,"Null Produ"
"103844","102","12/26/2024","P_036","4","150",4,150,"12/26/2024",1,"Discount >"
"103850","104","12/21/2024","P_015","0","20",0,20,"12/21/2024",1,"Zero Quant"
"103860","108","12/26/2024","P_044","3","150",3,150,"12/26/2024",1,"Discount >"
"103900","102","12/13/2024","P_023","1","150",1,150,"12/13/2024",1,"Discount >"
"103928","106","12/6/2024","P_042","2","150",2,150,"12/6/2024",1,"Discount >"
"103928","106","12/6/2024","P_042","2","150",2,150,"12/6/2024",1,"Discount >"
"103953","106","2026/13/40","P_042","3","10",3,10,"2026/13/40",1,"Invalid Da"
"103953","106","2026/13/40","P_042","3","10",3,10,"2026/13/40",1,"Invalid Da"
"103972","104","2026/13/40","P_004","1","10",1,10,"2026/13/40",1,"Invalid Da"
"103978","106","12/17/2024","P_002","0","15",0,15,"12/17/2024",1,"Zero Quant"
"103999","105","12/29/2024",,"3","5",3,5,"12/29/2024",1,"Null Produ"
"104023",,"12/22/2024","P_048","4","20",4,20,"12/22/2024",1,"Null Store"
"104028","107","12/8/2024",,"5","15",5,15,"12/8/2024",1,"Null Produ"
"104054","101","12/15/2024",,"3","0",3,0,"12/15/2024",1,"Null Produ"
"104068","102","1/11/2025",,"1","5",1,5,"1/11/2025",1,"Null Produ"
"104068","102","1/11/2025",,"1","5",1,5,"1/11/2025",1,"Null Produ"
"104080",,"1/11/2025","P_008","2","15",2,15,"1/11/2025",1,"Null Store"
"104096","101","1/4/2025","P_043","3","150",3,150,"1/4/2025",1,"Discount >"
"104102","105","1/26/2025",,"5","5",5,5,"1/26/2025",1,"Null Produ"
"104142","103","1/22/2025","P_008","0","10",0,10,"1/22/2025",1,"Zero Quant"
"104144",,"1/16/2025","P_047","5","10",5,10,"1/16/2025",1,"Null Store"
"104146",,"1/4/2025","P_044","4","5",4,5,"1/4/2025",1,"Null Store"
"104159","105","1/12/2025",,"1","5",1,5,"1/12/2025",1,"Null Produ"
"104162","106","1/13/2025",,"2","5",2,5,"1/13/2025",1,"Null Produ"
"104184",,"1/18/2025","P_003","2","0",2,0,"1/18/2025",1,"Null Store"
"104203","104","1/1/2025",,"4","5",4,5,"1/1/2025",1,"Null Produ"
"104213","103","2026/13/40","P_020","1","10",1,10,"2026/13/40",1,"Invalid Da"
"104214","108","2026/13/40","P_026","2","15",2,15,"2026/13/40",1,"Invalid Da"
"104258","107","1/17/2025","P_010","3","150",3,150,"1/17/2025",1,"Discount >"
"104298","104","1/8/2025",,"4","5",4,5,"1/8/2025",1,"Null Produ"
"104300",,"1/10/2025","P_015","4","10",4,10,"1/10/2025",1,"Null Store"
"104302","103","1/8/2025","P_018","0","15",0,15,"1/8/2025",1,"Zero Quant"
"104302","103","1/8/2025","P_018","0","15",0,15,"1/8/2025",1,"Zero Quant"
"104306","108","2026/13/40","P_039","4","15",4,15,"2026/13/40",1,"Invalid Da"
"104338","102","1/27/2025","P_024","2","150",2,150,"1/27/2025",1,"Discount >"
"104358","101","1/28/2025","P_036","4","150",4,150,"1/28/2025",1,"Discount >"
"104394","108","1/29/2025",,"2","20",2,20,"1/29/2025",1,"Null Produ"
"104411","108","1/4/2025",,"4","0",4,0,"1/4/2025",1,"Null Produ"
"104414","107","1/5/2025",,"2","20",2,20,"1/5/2025",1,"Null Produ"
"104414","107","1/5/2025",,"2","20",2,20,"1/5/2025",1,"Null Produ"
"104435","103","1/28/2025","P_007","3","150",3,150,"1/28/2025",1,"Discount >"
"104446","108","2026/13/40","P_028","2","5",2,5,"2026/13/40",1,"Invalid Da"
"104446","108","2026/13/40","P_028","2","5",2,5,"2026/13/40",1,"Invalid Da"
"104470","105","1/19/2025",,"1","5",1,5,"1/19/2025",1,"Null Produ"
"104475","102","1/15/2025","P_006","0","5",0,5,"1/15/2025",1,"Zero Quant"
"104499",,"1/27/2025","P_050","2","20",2,20,"1/27/2025",1,"Null Store"
"104499","101","1/27/2025",,"1","20",1,20,"1/27/2025",1,"Null Produ"
"104506","107","2026/13/40","P_021","3","15",3,15,"2026/13/40",1,"Invalid Da"
"104508","101","1/27/2025","P_050","0","15",0,15,"1/27/2025",1,"Zero Quant"
"104515","108","1/17/2025","P_005","0","20",0,20,"1/17/2025",1,"Zero Quant"
"104525","105","1/18/2025",,"5","15",5,15,"1/18/2025",1,"Null Produ"
"104526",,"1/1/2025","P_010","2","0",2,0,"1/1/2025",1,"Null Store"
"104543",,"1/16/2025","P_019","3","0",3,0,"1/16/2025",1,"Null Store"
"104549","108","1/22/2025","P_008","0","10",0,10,"1/22/2025",1,"Zero Quant"
"104549","108","1/22/2025","P_008","0","10",0,10,"1/22/2025",1,"Zero Quant"
"104557",,"2/10/2025","P_011","1","10",1,10,"2/10/2025",1,"Null Store"
"104562","105","2/16/2025",,"5","5",5,5,"2/16/2025",1,"Null Produ"
"104569","103","2/5/2025","P_006","3","150",3,150,"2/5/2025",1,"Discount >"
"104585","103","2026/13/40","P_049","3","20",3,20,"2026/13/40",1,"Invalid Da"
"104586","104","2026/13/40","P_014","5","0",5,0,"2026/13/40",1,"Invalid Da"
"104623","101","2026/13/40","P_039","4","20",4,20,"2026/13/40",1,"Invalid Da"
"104642","104","2/13/2025","P_050","0","5",0,5,"2/13/2025",1,"Zero Quant"
"104647","105","2/13/2025","P_015","0","10",0,10,"2/13/2025",1,"Zero Quant"
"104654","104","2/20/2025","P_047","4","150",4,150,"2/20/2025",1,"Discount >"
"104667",,"2/7/2025","P_037","3","15",3,15,"2/7/2025",1,"Null Store"
"104669","102","2/13/2025","P_036","1","150",1,150,"2/13/2025",1,"Discount >"
"104692","105","2/2/2025",,"1","5",1,5,"2/2/2025",1,"Null Produ"
"104692","105","2/2/2025",,"1","5",1,5,"2/2/2025",1,"Null Produ"
"104697","103","2026/13/40","P_040","5","10",5,10,"2026/13/40",1,"Invalid Da"
"104778","108","2/1/2025","P_030","2","150",2,150,"2/1/2025",1,"Discount >"
"104778","108","2/1/2025","P_030","2","150",2,150,"2/1/2025",1,"Discount >"
"104793","107","2026/13/40","P_025","5","0",5,0,"2026/13/40",1,"Invalid Da"
"104797","105","2/20/2025","P_025","2","150",2,150,"2/20/2025",1,"Discount >"
"104828","101","2026/13/40","P_007","4","20",4,20,"2026/13/40",1,"Invalid Da"
"104846","101","2/3/2025",,"2","15",2,15,"2/3/2025",1,"Null Produ"
"104854","102","2026/13/40","P_045","2","20",2,20,"2026/13/40",1,"Invalid Da"
"104860","107","2/19/2025","P_034","0","10",0,10,"2/19/2025",1,"Zero Quant"
"104861","106","2026/13/40","P_023","4","10",4,10,"2026/13/40",1,"Invalid Da"
"104871","102","2/27/2025",,"5","5",5,5,"2/27/2025",1,"Null Produ"
"104873","108","2/1/2025",,"5","5",5,5,"2/1/2025",1,"Null Produ"
"104875","105","2/26/2025","P_032","2","150",2,150,"2/26/2025",1,"Discount >"
"104875","105","2/26/2025","P_032","2","150",2,150,"2/26/2025",1,"Discount >"
"104882","105","2/16/2025",,"3","0",3,0,"2/16/2025",1,"Null Produ"
"104888","105","2026/13/40","P_009","2","15",2,15,"2026/13/40",1,"Invalid Da"
"104897",,"2/22/2025","P_031","2","10",2,10,"2/22/2025",1,"Null Store"
"104914","106","2/12/2025",,"3","10",3,10,"2/12/2025",1,"Null Produ"
"104919","108","2/18/2025","P_010","0","0",0,0,"2/18/2025",1,"Zero Quant"
"104920","108","2026/13/40","P_001","5","10",5,10,"2026/13/40",1,"Invalid Da"
"104942",,"2/15/2025","P_033","3","15",3,15,"2/15/2025",1,"Null Store"
"104977",,"2/21/2025","P_039","1","20",1,20,"2/21/2025",1,"Null Store"
"104981","104","2/10/2025",,"4","0",4,0,"2/10/2025",1,"Null Produ"
"104987","104","2/13/2025","P_048","0","15",0,15,"2/13/2025",1,"Zero Quant"
"104999","106","2/23/2025",,"4","5",4,5,"2/23/2025",1,"Null Produ"
"104999","106","2/23/2025",,"4","5",4,5,"2/23/2025",1,"Null Produ"
"105007","108","2/18/2025","P_002","1","150",1,150,"2/18/2025",1,"Discount >"
"105020","103","2026/13/40","P_015","1","0",1,0,"2026/13/40",1,"Invalid Da"
"105043","105","2/27/2025",,"4","20",4,20,"2/27/2025",1,"Null Produ"
"105051","101","3/25/2025","P_032","0","5",0,5,"3/25/2025",1,"Zero Quant"
"105052",,"3/1/2025","P_039","2","15",2,15,"3/1/2025",1,"Null Store"
"105056","104","3/31/2025",,"1","20",1,20,"3/31/2025",1,"Null Produ"
"105078",,"3/26/2025","P_043","3","20",3,20,"3/26/2025",1,"Null Store"
"105082",,"3/19/2025","P_008","4","5",4,5,"3/19/2025",1,"Null Store"
"105086","101","3/3/2025","P_008","0","15",0,15,"3/3/2025",1,"Zero Quant"
"105086","101","3/3/2025","P_008","0","15",0,15,"3/3/2025",1,"Zero Quant"
"105119","107","3/26/2025",,"3","0",3,0,"3/26/2025",1,"Null Produ"
"105119","107","3/26/2025",,"3","10",3,10,"3/26/2025",1,"Null Produ"
"105146",,"3/25/2025","P_032","3","15",3,15,"3/25/2025",1,"Null Store"
"105185",,"3/17/2025","P_050","1","15",1,15,"3/17/2025",1,"Null Store"
"105186","107","3/29/2025",,"4","0",4,0,"3/29/2025",1,"Null Produ"
"105187","108","2026/13/40","P_046","2","0",2,0,"2026/13/40",1,"Invalid Da"
"105197","101","3/24/2025","P_009","0","20",0,20,"3/24/2025",1,"Zero Quant"
"105266","108","3/15/2025",,"5","0",5,0,"3/15/2025",1,"Null Produ"
"105290","105","3/1/2025","P_010","0","15",0,15,"3/1/2025",1,"Zero Quant"
"105301",,"3/16/2025","P_011","5","0",5,0,"3/16/2025",1,"Null Store"
"105302","105","2026/13/40","P_012","2","0",2,0,"2026/13/40",1,"Invalid Da"
"105342","102","3/18/2025","P_039","2","150",2,150,"3/18/2025",1,"Discount >"
"105346","105","3/20/2025","P_003","0","5",0,5,"3/20/2025",1,"Zero Quant"
"105358","108","3/29/2025",,"4","15",4,15,"3/29/2025",1,"Null Produ"
"105361","107","2026/13/40","P_011","2","15",2,15,"2026/13/40",1,"Invalid Da"
"105380","106","3/4/2025","P_013","0","20",0,20,"3/4/2025",1,"Zero Quant"
"105395",,"3/30/2025","P_004","3","10",3,10,"3/30/2025",1,"Null Store"
"105407","105","3/22/2025",,"5","10",5,10,"3/22/2025",1,"Null Produ"
"105411",,"3/23/2025","P_003","4","5",4,5,"3/23/2025",1,"Null Store"
"105429","108","3/18/2025","P_036","2","150",2,150,"3/18/2025",1,"Discount >"
"105451","107","3/27/2025",,"4","10",4,10,"3/27/2025",1,"Null Produ"
"105456",,"3/10/2025","P_041","2","0",2,0,"3/10/2025",1,"Null Store"
"105476","106","3/7/2025",,"2","10",2,10,"3/7/2025",1,"Null Produ"
"105481","107","3/2/2025","P_041","0","10",0,10,"3/2/2025",1,"Zero Quant"
"105482","105","3/12/2025","P_011","0","20",0,20,"3/12/2025",1,"Zero Quant"
"105515","106","4/6/2025","P_036","0","10",0,10,"4/6/2025",1,"Zero Quant"
"105549","106","4/13/2025",,"4","5",4,5,"4/13/2025",1,"Null Produ"
"105569","104","4/29/2025","P_040","0","0",0,0,"4/29/2025",1,"Zero Quant"
"105577","106","4/28/2025",,"2","15",2,15,"4/28/2025",1,"Null Produ"
"105584","108","4/22/2025",,"4","5",4,5,"4/22/2025",1,"Null Produ"
"105594",,"4/6/2025","P_045","4","20",4,20,"4/6/2025",1,"Null Store"
"105620","101","4/29/2025",,"3","15",3,15,"4/29/2025",1,"Null Produ"
"105632",,"4/11/2025","P_047","4","0",4,0,"4/11/2025",1,"Null Store"
"105635","101","2026/13/40","P_031","2","15",2,15,"2026/13/40",1,"Invalid Da"
"105638",,"4/2/2025","P_010","4","0",4,0,"4/2/2025",1,"Null Store"
"105643","107","4/28/2025","P_019","5","150",5,150,"4/28/2025",1,"Discount >"
"105658",,"4/10/2025","P_016","4","15",4,15,"4/10/2025",1,"Null Store"
"105716","104","4/28/2025","P_022","0","20",0,20,"4/28/2025",1,"Zero Quant"
"105740","106","4/2/2025",,"3","0",3,0,"4/2/2025",1,"Null Produ"
"105750",,"4/25/2025","P_043","5","15",5,15,"4/25/2025",1,"Null Store"
"105758",,"4/26/2025","P_006","3","20",3,20,"4/26/2025",1,"Null Store"
"105762",,"4/3/2025","P_004","1","10",1,10,"4/3/2025",1,"Null Store"
"105763",,"4/28/2025","P_045","3","20",3,20,"4/28/2025",1,"Null Store"
"105765","103","4/21/2025",,"3","5",3,5,"4/21/2025",1,"Null Produ"
"105765","103","4/21/2025",,"3","5",3,5,"4/21/2025",1,"Null Produ"
"105770","101","4/1/2025","P_010","0","20",0,20,"4/1/2025",1,"Zero Quant"
"105791","102","2026/13/40","P_020","5","10",5,10,"2026/13/40",1,"Invalid Da"
"105831","106","4/11/2025","P_006","2","150",2,150,"4/11/2025",1,"Discount >"
"105846","103","2026/13/40","P_026","5","5",5,5,"2026/13/40",1,"Invalid Da"
"105852","104","4/24/2025","P_024","2","150",2,150,"4/24/2025",1,"Discount >"
"105858","105","2026/13/40","P_010","3","5",3,5,"2026/13/40",1,"Invalid Da"
"105865","101","4/1/2025","P_027","0","10",0,10,"4/1/2025",1,"Zero Quant"
"105873","104","4/9/2025",,"5","10",5,10,"4/9/2025",1,"Null Produ"
"105875","103","2026/13/40","P_030","3","5",3,5,"2026/13/40",1,"Invalid Da"
"105897","104","2026/13/40","P_046","2","5",2,5,"2026/13/40",1,"Invalid Da"
"105901","102","5/26/2025",,"2","15",2,15,"5/26/2025",1,"Null Produ"
"105963",,"5/8/2025","P_046","1","20",1,20,"5/8/2025",1,"Null Store"
"105972","101","2026/13/40","P_039","1","0",1,0,"2026/13/40",1,"Invalid Da"
"105988","108","5/26/2025",,"2","15",2,15,"5/26/2025",1,"Null Produ"
"106004","107","5/3/2025",,"1","5",1,5,"5/3/2025",1,"Null Produ"
"106006","105","5/9/2025","P_004","2","150",2,150,"5/9/2025",1,"Discount >"
"106021","106","5/12/2025",,"1","15",1,15,"5/12/2025",1,"Null Produ"
"106021","106","5/12/2025",,"1","15",1,15,"5/12/2025",1,"Null Produ"
"106031","101","5/13/2025","P_013","0","5",0,5,"5/13/2025",1,"Zero Quant"
"106037","107","2026/13/40","P_038","1","5",1,5,"2026/13/40",1,"Invalid Da"
"106040","107","2026/13/40","P_030","2","10",2,10,"2026/13/40",1,"Invalid Da"
"106041","106","2026/13/40","P_015","5","5",5,5,"2026/13/40",1,"Invalid Da"
"106056",,"5/27/2025","P_011","2","15",2,15,"5/27/2025",1,"Null Store"
"106061","103","5/20/2025",,"5","10",5,10,"5/20/2025",1,"Null Produ"
"106068","102","5/13/2025","P_029","0","10",0,10,"5/13/2025",1,"Zero Quant"
"106068","106","5/13/2025",,"2","10",2,10,"5/13/2025",1,"Null Produ"
"106074","106","5/28/2025","P_012","0","20",0,20,"5/28/2025",1,"Zero Quant"
"106081","106","2026/13/40","P_037","3","5",3,5,"2026/13/40",1,"Invalid Da"
"106085","107","5/1/2025",,"5","15",5,15,"5/1/2025",1,"Null Produ"
"106092",,"5/20/2025","P_012","4","5",4,5,"5/20/2025",1,"Null Store"
"106097","106","5/19/2025",,"4","10",4,10,"5/19/2025",1,"Null Produ"
"106107",,"5/5/2025","P_042","5","10",5,10,"5/5/2025",1,"Null Store"
"106107","105","5/5/2025","P_016","3","150",3,150,"5/5/2025",1,"Discount >"
"106111","108","5/13/2025","P_003","0","0",0,0,"5/13/2025",1,"Zero Quant"
"106125","105","5/24/2025","P_011","5","150",5,150,"5/24/2025",1,"Discount >"
"106131","102","5/29/2025",,"2","5",2,5,"5/29/2025",1,"Null Produ"
"106137",,"5/4/2025","P_048","4","15",4,15,"5/4/2025",1,"Null Store"
"106138",,"5/8/2025","P_047","2","10",2,10,"5/8/2025",1,"Null Store"
"106154","102","5/23/2025",,"4","20",4,20,"5/23/2025",1,"Null Produ"
"106177","107","5/22/2025","P_015","5","150",5,150,"5/22/2025",1,"Discount >"
"106192","101","2026/13/40","P_004","2","10",2,10,"2026/13/40",1,"Invalid Da"
"106201","106","5/9/2025","P_047","3","150",3,150,"5/9/2025",1,"Discount >"
"106235","101","5/22/2025","P_046","0","10",0,10,"5/22/2025",1,"Zero Quant"
"106247","101","5/29/2025","P_041","0","0",0,0,"5/29/2025",1,"Zero Quant"
"106253",,"5/8/2025","P_040","1","5",1,5,"5/8/2025",1,"Null Store"
"106258","108","5/3/2025","P_044","0","5",0,5,"5/3/2025",1,"Zero Quant"
"106290","101","5/4/2025",,"4","0",4,0,"5/4/2025",1,"Null Produ"
"106294","104","5/20/2025",,"3","0",3,0,"5/20/2025",1,"Null Produ"
"106342","101","5/30/2025","P_041","3","150",3,150,"5/30/2025",1,"Discount >"
"106354","101","2026/13/40","P_002","4","15",4,15,"2026/13/40",1,"Invalid Da"
"106354","107","5/6/2025","P_014","1","150",1,150,"5/6/2025",1,"Discount >"
"106357","107","5/1/2025",,"4","10",4,10,"5/1/2025",1,"Null Produ"
"106361","108","5/1/2025","P_008","0","0",0,0,"5/1/2025",1,"Zero Quant"
"106361","108","5/1/2025","P_008","0","0",0,0,"5/1/2025",1,"Zero Quant"
"106371","107","5/5/2025","P_021","5","150",5,150,"5/5/2025",1,"Discount >"
"106382",,"6/7/2025","P_003","1","20",1,20,"6/7/2025",1,"Null Store"
"106393",,"6/14/2025","P_034","4","20",4,20,"6/14/2025",1,"Null Store"
"106395","108","6/27/2025",,"4","15",4,15,"6/27/2025",1,"Null Produ"
"106395","108","6/27/2025",,"4","15",4,15,"6/27/2025",1,"Null Produ"
"106411","108","2026/13/40","P_043","2","15",2,15,"2026/13/40",1,"Invalid Da"
"106411","108","2026/13/40","P_043","2","15",2,15,"2026/13/40",1,"Invalid Da"
"106424","104","6/10/2025","P_018","1","150",1,150,"6/10/2025",1,"Discount >"
"106438","105","2026/13/40","P_017","1","15",1,15,"2026/13/40",1,"Invalid Da"
"106440","107","6/18/2025",,"1","20",1,20,"6/18/2025",1,"Null Produ"
"106443","102","6/2/2025",,"3","15",3,15,"6/2/2025",1,"Null Produ"
"106453",,"6/29/2025","P_049","1","5",1,5,"6/29/2025",1,"Null Store"
"106462","105","2026/13/40","P_049","1","5",1,5,"2026/13/40",1,"Invalid Da"
"106474","103","6/20/2025","P_045","0","5",0,5,"6/20/2025",1,"Zero Quant"
"106497","101","6/19/2025","P_045","0","20",0,20,"6/19/2025",1,"Zero Quant"
"106497","106","6/19/2025","P_028","3","150",3,150,"6/19/2025",1,"Discount >"
"106521",,"6/21/2025","P_011","3","20",3,20,"6/21/2025",1,"Null Store"
"106551","101","6/17/2025","P_010","3","150",3,150,"6/17/2025",1,"Discount >"
"106582",,"6/1/2025","P_042","1","10",1,10,"6/1/2025",1,"Null Store"
"106591","101","6/30/2025","P_048","0","5",0,5,"6/30/2025",1,"Zero Quant"
"106596","103","6/20/2025",,"1","15",1,15,"6/20/2025",1,"Null Produ"
"106615","102","6/25/2025",,"1","10",1,10,"6/25/2025",1,"Null Produ"
"106645","104","6/26/2025","P_017","0","10",0,10,"6/26/2025",1,"Zero Quant"
"106647","107","6/7/2025","P_038","1","150",1,150,"6/7/2025",1,"Discount >"
"106671","101","6/19/2025","P_031","5","150",5,150,"6/19/2025",1,"Discount >"
"106677","103","2026/13/40","P_012","3","15",3,15,"2026/13/40",1,"Invalid Da"
"106701",,"6/17/2025","P_035","4","0",4,0,"6/17/2025",1,"Null Store"
"106717","106","6/2/2025","P_017","1","150",1,150,"6/2/2025",1,"Discount >"
"106733","107","6/28/2025",,"5","5",5,5,"6/28/2025",1,"Null Produ"
"106744","108","6/3/2025",,"2","15",2,15,"6/3/2025",1,"Null Produ"
"106754","102","6/10/2025","P_043","2","150",2,150,"6/10/2025",1,"Discount >"
"106788","101","7/29/2025","P_049","3","150",3,150,"7/29/2025",1,"Discount >"
"106808","103","7/4/2025",,"1","15",1,15,"7/4/2025",1,"Null Produ"
"106829","101","7/9/2025",,"2","10",2,10,"7/9/2025",1,"Null Produ"
"106829","101","7/9/2025",,"2","10",2,10,"7/9/2025",1,"Null Produ"
"106833","106","7/5/2025","P_009","5","150",5,150,"7/5/2025",1,"Discount >"
"106848","105","7/5/2025","P_049","0","20",0,20,"7/5/2025",1,"Zero Quant"
"106868",,"7/24/2025","P_047","3","15",3,15,"7/24/2025",1,"Null Store"
"106932","107","7/6/2025",,"4","5",4,5,"7/6/2025",1,"Null Produ"
"106935","108","2026/13/40","P_050","5","20",5,20,"2026/13/40",1,"Invalid Da"
"106945",,"7/15/2025","P_026","1","0",1,0,"7/15/2025",1,"Null Store"
"106967","108","7/10/2025",,"5","15",5,15,"7/10/2025",1,"Null Produ"
"106967","108","7/10/2025",,"5","15",5,15,"7/10/2025",1,"Null Produ"
"106968","101","7/31/2025","P_043","0","5",0,5,"7/31/2025",1,"Zero Quant"
"106980","104","7/22/2025","P_011","4","150",4,150,"7/22/2025",1,"Discount >"
"106991","104","7/22/2025",,"3","0",3,0,"7/22/2025",1,"Null Produ"
"107003","107","2026/13/40","P_007","2","10",2,10,"2026/13/40",1,"Invalid Da"
"107038","104","7/28/2025",,"2","10",2,10,"7/28/2025",1,"Null Produ"
"107065","105","7/6/2025",,"1","20",1,20,"7/6/2025",1,"Null Produ"
"107091","107","7/11/2025","P_045","5","150",5,150,"7/11/2025",1,"Discount >"
"107094","106","2026/13/40","P_036","3","15",3,15,"2026/13/40",1,"Invalid Da"
"107094","106","2026/13/40","P_036","3","15",3,15,"2026/13/40",1,"Invalid Da"
"107123","105","7/2/2025","P_032","1","150",1,150,"7/2/2025",1,"Discount >"
"107136","102","7/19/2025",,"1","10",1,10,"7/19/2025",1,"Null Produ"
"107148","103","7/19/2025",,"5","20",5,20,"7/19/2025",1,"Null Produ"
"107155","102","7/24/2025",,"4","20",4,20,"7/24/2025",1,"Null Produ"
"107184","101","7/14/2025","P_017","0","0",0,0,"7/14/2025",1,"Zero Quant"
"107184",,"7/14/2025","P_005","5","5",5,5,"7/14/2025",1,"Null Store"
"107190","101","2026/13/40","P_006","3","5",3,5,"2026/13/40",1,"Invalid Da"
"107195","105","8/14/2025",,"1","10",1,10,"8/14/2025",1,"Null Produ"
"107224","103","8/21/2025",,"4","15",4,15,"8/21/2025",1,"Null Produ"
"107253","101","2026/13/40","P_045","1","5",1,5,"2026/13/40",1,"Invalid Da"
"107296","107","8/25/2025","P_045","1","150",1,150,"8/25/2025",1,"Discount >"
"107349","105","8/12/2025","P_033","0","0",0,0,"8/12/2025",1,"Zero Quant"
"107355",,"8/24/2025","P_021","2","5",2,5,"8/24/2025",1,"Null Store"
"107396","104","8/26/2025",,"2","10",2,10,"8/26/2025",1,"Null Produ"
"107432","105","8/5/2025",,"3","10",3,10,"8/5/2025",1,"Null Produ"
"107436","101","2026/13/40","P_045","5","15",5,15,"2026/13/40",1,"Invalid Da"
"107457","108","2026/13/40","P_035","5","10",5,10,"2026/13/40",1,"Invalid Da"
"107471","106","8/20/2025",,"1","5",1,5,"8/20/2025",1,"Null Produ"
"107472",,"8/4/2025","P_030","4","0",4,0,"8/4/2025",1,"Null Store"
"107488","108","8/30/2025","P_049","0","0",0,0,"8/30/2025",1,"Zero Quant"
"107497","105","2026/13/40","P_014","5","5",5,5,"2026/13/40",1,"Invalid Da"
"107497","105","2026/13/40","P_014","5","5",5,5,"2026/13/40",1,"Invalid Da"
"107505","102","8/17/2025","P_030","5","150",5,150,"8/17/2025",1,"Discount >"
"107518","108","8/9/2025","P_018","3","150",3,150,"8/9/2025",1,"Discount >"
"107518",,"8/9/2025","P_037","5","0",5,0,"8/9/2025",1,"Null Store"
"107518","108","8/9/2025","P_018","3","150",3,150,"8/9/2025",1,"Discount >"
"107555",,"8/9/2025","P_038","5","15",5,15,"8/9/2025",1,"Null Store"
"107573","102","8/14/2025","P_042","0","0",0,0,"8/14/2025",1,"Zero Quant"
"107579","103","8/25/2025","P_036","0","0",0,0,"8/25/2025",1,"Zero Quant"
"107587","105","8/26/2025",,"3","0",3,0,"8/26/2025",1,"Null Produ"
"107602","107","8/9/2025","P_032","5","150",5,150,"8/9/2025",1,"Discount >"
"107607","107","8/10/2025","P_015","5","150",5,150,"8/10/2025",1,"Discount >"
"107616","106","2026/13/40","P_030","5","5",5,5,"2026/13/40",1,"Invalid Da"
"107656","104","9/11/2025","P_032","0","5",0,5,"9/11/2025",1,"Zero Quant"
"107663","104","9/4/2025","P_024","0","20",0,20,"9/4/2025",1,"Zero Quant"
"107676",,"9/11/2025","P_031","2","10",2,10,"9/11/2025",1,"Null Store"
"107705","105","9/6/2025",,"1","5",1,5,"9/6/2025",1,"Null Produ"
"107715",,"9/11/2025","P_001","3","0",3,0,"9/11/2025",1,"Null Store"
"107716",,"9/5/2025","P_047","1","0",1,0,"9/5/2025",1,"Null Store"
"107733","101","9/15/2025","P_049","1","150",1,150,"9/15/2025",1,"Discount >"
"107743","103","9/6/2025",,"1","20",1,20,"9/6/2025",1,"Null Produ"
"107766","103","9/12/2025",,"4","10",4,10,"9/12/2025",1,"Null Produ"
"107801","106","9/7/2025","P_038","1","150",1,150,"9/7/2025",1,"Discount >"
"107805","107","9/29/2025","P_010","3","150",3,150,"9/29/2025",1,"Discount >"
"107810","106","9/21/2025",,"4","0",4,0,"9/21/2025",1,"Null Produ"
"107810","106","9/21/2025",,"4","0",4,0,"9/21/2025",1,"Null Produ"
"107828","108","2026/13/40","P_026","3","20",3,20,"2026/13/40",1,"Invalid Da"
"107830",,"9/29/2025","P_044","2","0",2,0,"9/29/2025",1,"Null Store"
"107842","103","9/3/2025",,"4","10",4,10,"9/3/2025",1,"Null Produ"
"107847","106","2026/13/40","P_023","3","5",3,5,"2026/13/40",1,"Invalid Da"
"107860","106","2026/13/40","P_025","3","0",3,0,"2026/13/40",1,"Invalid Da"
"107868",,"9/12/2025","P_021","2","0",2,0,"9/12/2025",1,"Null Store"
"107881","107","9/11/2025","P_008","4","150",4,150,"9/11/2025",1,"Discount >"
"107900","106","9/7/2025","P_023","2","150",2,150,"9/7/2025",1,"Discount >"
"107924","108","9/19/2025","P_031","5","150",5,150,"9/19/2025",1,"Discount >"
"107926","107","2026/13/40","P_011","3","5",3,5,"2026/13/40",1,"Invalid Da"
"107975","108","9/13/2025","P_007","0","10",0,10,"9/13/2025",1,"Zero Quant"
"107991","102","9/8/2025","P_046","0","0",0,0,"9/8/2025",1,"Zero Quant"
"108015",,"9/21/2025","P_015","1","20",1,20,"9/21/2025",1,"Null Store"
"108020","107","9/13/2025",,"5","0",5,0,"9/13/2025",1,"Null Produ"
"108073","103","9/29/2025","P_035","1","150",1,150,"9/29/2025",1,"Discount >"
"108083","101","9/2/2025","P_018","0","10",0,10,"9/2/2025",1,"Zero Quant"
"108086","104","9/1/2025","P_020","0","0",0,0,"9/1/2025",1,"Zero Quant"
"108090","104","2026/13/40","P_023","4","0",4,0,"2026/13/40",1,"Invalid Da"
"108090","104","2026/13/40","P_023","4","0",4,0,"2026/13/40",1,"Invalid Da"
"108091",,"9/5/2025","P_003","1","10",1,10,"9/5/2025",1,"Null Store"
"108093","106","9/26/2025",,"2","5",2,5,"9/26/2025",1,"Null Produ"
"108102","107","9/14/2025",,"3","5",3,5,"9/14/2025",1,"Null Produ"
"108116","101","9/26/2025","P_022","0","5",0,5,"9/26/2025",1,"Zero Quant"
"108117","103","9/7/2025",,"1","5",1,5,"9/7/2025",1,"Null Produ"
"108138","104","10/25/2025",,"1","15",1,15,"10/25/2025",1,"Null Produ"
"108142",,"10/5/2025","P_022","3","5",3,5,"10/5/2025",1,"Null Store"
"108142",,"10/5/2025","P_022","3","5",3,5,"10/5/2025",1,"Null Store"
"108159","106","10/12/2025","P_018","4","150",4,150,"10/12/2025",1,"Discount >"
"108185",,"10/18/2025","P_025","1","10",1,10,"10/18/2025",1,"Null Store"
"108210",,"10/31/2025","P_041","3","0",3,0,"10/31/2025",1,"Null Store"
"108214","107","10/3/2025",,"3","0",3,0,"10/3/2025",1,"Null Produ"
"108236","104","2026/13/40","P_033","1","0",1,0,"2026/13/40",1,"Invalid Da"
"108255","107","10/5/2025","P_039","1","150",1,150,"10/5/2025",1,"Discount >"
"108278","102","10/16/2025","P_044","0","10",0,10,"10/16/2025",1,"Zero Quant"
"108283","108","10/23/2025",,"3","15",3,15,"10/23/2025",1,"Null Produ"
"108283","108","10/23/2025",,"3","15",3,15,"10/23/2025",1,"Null Produ"
"108291","105","2026/13/40","P_037","1","10",1,10,"2026/13/40",1,"Invalid Da"
"108321","103","10/25/2025",,"2","20",2,20,"10/25/2025",1,"Null Produ"
"108328","101","2026/13/40","P_028","5","5",5,5,"2026/13/40",1,"Invalid Da"
"108329","107","10/7/2025","P_039","2","150",2,150,"10/7/2025",1,"Discount >"
"108352","102","10/17/2025","P_018","0","0",0,0,"10/17/2025",1,"Zero Quant"
"108365","105","10/18/2025","P_031","0","0",0,0,"10/18/2025",1,"Zero Quant"
"108371","108","10/23/2025",,"1","10",1,10,"10/23/2025",1,"Null Produ"
"108417","103","2026/13/40","P_045","1","5",1,5,"2026/13/40",1,"Invalid Da"
"108431","105","10/13/2025","P_023","0","0",0,0,"10/13/2025",1,"Zero Quant"
"108441",,"10/27/2025","P_027","2","15",2,15,"10/27/2025",1,"Null Store"
"108456",,"10/22/2025","P_019","5","20",5,20,"10/22/2025",1,"Null Store"
"108457","104","10/24/2025",,"3","0",3,0,"10/24/2025",1,"Null Produ"
"108496","104","11/27/2025",,"2","5",2,5,"11/27/2025",1,"Null Produ"
"108501","102","11/2/2025",,"1","15",1,15,"11/2/2025",1,"Null Produ"
"108502","104","11/14/2025",,"1","15",1,15,"11/14/2025",1,"Null Produ"
"108506","101","11/17/2025","P_017","0","20",0,20,"11/17/2025",1,"Zero Quant"
"108514","103","11/27/2025",,"5","10",5,10,"11/27/2025",1,"Null Produ"
"108517","105","11/4/2025","P_031","3","150",3,150,"11/4/2025",1,"Discount >"
"108549","106","11/24/2025",,"2","20",2,20,"11/24/2025",1,"Null Produ"
"108556","106","11/1/2025","P_045","0","20",0,20,"11/1/2025",1,"Zero Quant"
"108556",,"11/1/2025","P_018","3","15",3,15,"11/1/2025",1,"Null Store"
"108586","108","11/11/2025","P_039","0","0",0,0,"11/11/2025",1,"Zero Quant"
"108588",,"11/13/2025","P_004","5","5",5,5,"11/13/2025",1,"Null Store"
"108603","104","2026/13/40","P_042","1","20",1,20,"2026/13/40",1,"Invalid Da"
"108603","104","2026/13/40","P_042","1","20",1,20,"2026/13/40",1,"Invalid Da"
"108615","101","11/2/2025",,"3","20",3,20,"11/2/2025",1,"Null Produ"
"108619","108","11/5/2025","P_029","4","150",4,150,"11/5/2025",1,"Discount >"
"108649","108","11/5/2025","P_007","0","0",0,0,"11/5/2025",1,"Zero Quant"
"108656","106","2026/13/40","P_044","1","0",1,0,"2026/13/40",1,"Invalid Da"
"108667","104","11/13/2025","P_010","0","20",0,20,"11/13/2025",1,"Zero Quant"
"108675","106","2026/13/40","P_041","2","15",2,15,"2026/13/40",1,"Invalid Da"
"108684","106","11/28/2025",,"2","15",2,15,"11/28/2025",1,"Null Produ"
"108740","103","11/1/2025",,"1","20",1,20,"11/1/2025",1,"Null Produ"
"108772",,"11/14/2025","P_035","4","10",4,10,"11/14/2025",1,"Null Store"
"108774","106","11/4/2025",,"4","15",4,15,"11/4/2025",1,"Null Produ"
"108781","105","11/2/2025",,"5","20",5,20,"11/2/2025",1,"Null Produ"
"108792",,"11/26/2025","P_030","3","0",3,0,"11/26/2025",1,"Null Store"
"108802","106","11/12/2025","P_013","0","20",0,20,"11/12/2025",1,"Zero Quant"
"108803",,"11/2/2025","P_001","2","20",2,20,"11/2/2025",1,"Null Store"
"108806",,"11/24/2025","P_043","5","10",5,10,"11/24/2025",1,"Null Store"
"108812","106","11/26/2025",,"3","20",3,20,"11/26/2025",1,"Null Produ"
"108813",,"11/8/2025","P_026","5","15",5,15,"11/8/2025",1,"Null Store"
"108827","108","11/11/2025","P_042","0","15",0,15,"11/11/2025",1,"Zero Quant"
"108839","101","11/4/2025",,"4","5",4,5,"11/4/2025",1,"Null Produ"
"108887","107","2026/13/40","P_023","3","10",3,10,"2026/13/40",1,"Invalid Da"
"108890","106","12/14/2025",,"3","5",3,5,"12/14/2025",1,"Null Produ"
"108904","106","12/14/2025","P_050","0","0",0,0,"12/14/2025",1,"Zero Quant"
"108927","105","12/25/2025",,"3","15",3,15,"12/25/2025",1,"Null Produ"
"108934","105","12/14/2025",,"5","5",5,5,"12/14/2025",1,"Null Produ"
"108949","104","12/4/2025","P_007","0","15",0,15,"12/4/2025",1,"Zero Quant"
"108967",,"12/28/2025","P_029","1","5",1,5,"12/28/2025",1,"Null Store"
"108972",,"12/21/2025","P_031","1","0",1,0,"12/21/2025",1,"Null Store"
"108972",,"12/21/2025","P_031","1","0",1,0,"12/21/2025",1,"Null Store"
"108993","101","12/7/2025",,"2","0",2,0,"12/7/2025",1,"Null Produ"
"109032","106","12/30/2025","P_045","0","0",0,0,"12/30/2025",1,"Zero Quant"
"109039","108","12/13/2025",,"1","5",1,5,"12/13/2025",1,"Null Produ"
"109044","106","12/8/2025","P_014","0","20",0,20,"12/8/2025",1,"Zero Quant"
"109068","105","12/14/2025","P_021","0","15",0,15,"12/14/2025",1,"Zero Quant"
"109070","104","2026/13/40","P_044","3","5",3,5,"2026/13/40",1,"Invalid Da"
"109072","108","12/17/2025",,"3","0",3,0,"12/17/2025",1,"Null Produ"
"109074","107","12/10/2025",,"4","10",4,10,"12/10/2025",1,"Null Produ"
"109084",,"12/21/2025","P_010","3","0",3,0,"12/21/2025",1,"Null Store"
"109109",,"12/7/2025","P_019","1","5",1,5,"12/7/2025",1,"Null Store"
"109120","108","12/31/2025",,"4","20",4,20,"12/31/2025",1,"Null Produ"
"109126","108","2026/13/40","P_032","4","20",4,20,"2026/13/40",1,"Invalid Da"
"109177","107","2026/13/40","P_049","3","0",3,0,"2026/13/40",1,"Invalid Da"
"109183","101","2026/13/40","P_047","2","5",2,5,"2026/13/40",1,"Invalid Da"
"109187","104","12/4/2025","P_010","0","10",0,10,"12/4/2025",1,"Zero Quant"
"109194","104","12/2/2025","P_031","3","150",3,150,"12/2/2025",1,"Discount >"
"109213","101","12/25/2025","P_013","0","15",0,15,"12/25/2025",1,"Zero Quant"
"109223",,"12/3/2025","P_024","1","15",1,15,"12/3/2025",1,"Null Store"
"109236","104","12/4/2025","P_040","0","0",0,0,"12/4/2025",1,"Zero Quant"
"109250",,"12/23/2025","P_029","1","20",1,20,"12/23/2025",1,"Null Store"
"109258","108","12/26/2025",,"5","15",5,15,"12/26/2025",1,"Null Produ"
"109291",,"12/7/2025","P_018","1","5",1,5,"12/7/2025",1,"Null Store"
"109316","108","12/16/2025",,"1","10",1,10,"12/16/2025",1,"Null Produ"
"109328","106","1/16/2026","P_028","0","15",0,15,"1/16/2026",1,"Zero Quant"
"109344",,"1/20/2026","P_029","2","0",2,0,"1/20/2026",1,"Null Store"
"109344",,"1/20/2026","P_029","2","0",2,0,"1/20/2026",1,"Null Store"
"109372","103","1/28/2026",,"1","10",1,10,"1/28/2026",1,"Null Produ"
"109373","103","2026/13/40","P_047","3","20",3,20,"2026/13/40",1,"Invalid Da"
"109377","106","1/13/2026",,"4","5",4,5,"1/13/2026",1,"Null Produ"
"109386","103","1/1/2026","P_044","4","150",4,150,"1/1/2026",1,"Discount >"
"109423","104","1/16/2026",,"1","0",1,0,"1/16/2026",1,"Null Produ"
"109423","102","2026/13/40","P_039","1","5",1,5,"2026/13/40",1,"Invalid Da"
"109424","106","1/21/2026","P_023","0","20",0,20,"1/21/2026",1,"Zero Quant"
"109433","108","1/25/2026","P_025","0","5",0,5,"1/25/2026",1,"Zero Quant"
"109439",,"1/15/2026","P_008","2","5",2,5,"1/15/2026",1,"Null Store"
"109463","106","2026/13/40","P_012","5","15",5,15,"2026/13/40",1,"Invalid Da"
"109469","108","1/13/2026",,"5","10",5,10,"1/13/2026",1,"Null Produ"
"109492","101","1/17/2026",,"5","15",5,15,"1/17/2026",1,"Null Produ"
"109530","107","1/9/2026","P_025","4","150",4,150,"1/9/2026",1,"Discount >"
"109560","105","1/16/2026",,"4","0",4,0,"1/16/2026",1,"Null Produ"
"109569","103","1/31/2026",,"4","10",4,10,"1/31/2026",1,"Null Produ"
"109572","107","1/2/2026","P_016","0","10",0,10,"1/2/2026",1,"Zero Quant"
"109623","101","2026/13/40","P_007","4","20",4,20,"2026/13/40",1,"Invalid Da"
"109644","101","1/29/2026",,"3","20",3,20,"1/29/2026",1,"Null Produ"
"109651","108","1/26/2026","P_031","0","10",0,10,"1/26/2026",1,"Zero Quant"
"109651","108","1/26/2026","P_031","0","10",0,10,"1/26/2026",1,"Zero Quant"
"109655","102","1/13/2026","P_018","5","150",5,150,"1/13/2026",1,"Discount >"
"109672","101","2026/13/40","P_005","3","5",3,5,"2026/13/40",1,"Invalid Da"
"109676","102","1/11/2026",,"5","20",5,20,"1/11/2026",1,"Null Produ"
"109676","102","1/11/2026",,"5","20",5,20,"1/11/2026",1,"Null Produ"
"109681","101","2/6/2026",,"1","5",1,5,"2/6/2026",1,"Null Produ"
"109696","105","2/26/2026","P_012","0","5",0,5,"2/26/2026",1,"Zero Quant"
"109698","103","2026/13/40","P_016","5","5",5,5,"2026/13/40",1,"Invalid Da"
"109706","103","2/17/2026",,"1","0",1,0,"2/17/2026",1,"Null Produ"
"109709","108","2/10/2026",,"4","5",4,5,"2/10/2026",1,"Null Produ"
"109721","106","2/15/2026",,"3","20",3,20,"2/15/2026",1,"Null Produ"
"109725","101","2026/13/40","P_004","4","0",4,0,"2026/13/40",1,"Invalid Da"
"109725","101","2026/13/40","P_004","4","0",4,0,"2026/13/40",1,"Invalid Da"
"109726","101","2/27/2026",,"5","0",5,0,"2/27/2026",1,"Null Produ"
"109740","108","2/22/2026",,"2","15",2,15,"2/22/2026",1,"Null Produ"
"109746","107","2026/13/40","P_039","5","20",5,20,"2026/13/40",1,"Invalid Da"
"109750","104","2026/13/40","P_027","5","5",5,5,"2026/13/40",1,"Invalid Da"
"109760","104","2/5/2026","P_006","0","5",0,5,"2/5/2026",1,"Zero Quant"
"109803",,"2/22/2026","P_001","2","0",2,0,"2/22/2026",1,"Null Store"
"109809","107","2026/13/40","P_013","2","20",2,20,"2026/13/40",1,"Invalid Da"
"109811","107","2/4/2026",,"1","5",1,5,"2/4/2026",1,"Null Produ"
"109819","103","2/15/2026",,"3","5",3,5,"2/15/2026",1,"Null Produ"
"109822","101","2026/13/40","P_029","4","0",4,0,"2026/13/40",1,"Invalid Da"
"109905","103","2/9/2026",,"1","5",1,5,"2/9/2026",1,"Null Produ"
"109905","103","2/9/2026",,"1","5",1,5,"2/9/2026",1,"Null Produ"
"109925","103","2/27/2026",,"3","5",3,5,"2/27/2026",1,"Null Produ"
"109929","105","2/7/2026","P_002","0","15",0,15,"2/7/2026",1,"Zero Quant"
"109930","105","2/26/2026",,"1","10",1,10,"2/26/2026",1,"Null Produ"
"109934","108","2/5/2026",,"4","10",4,10,"2/5/2026",1,"Null Produ"
"109939","106","2/9/2026",,"4","15",4,15,"2/9/2026",1,"Null Produ"
"109941","101","2/6/2026","P_003","0","15",0,15,"2/6/2026",1,"Zero Quant"
"109941","106","2/6/2026",,"1","20",1,20,"2/6/2026",1,"Null Produ"
"109947","106","2/5/2026","P_029","3","150",3,150,"2/5/2026",1,"Discount >"
"109970","104","2026/13/40","P_013","5","0",5,0,"2026/13/40",1,"Invalid Da"
"109972","102","2/16/2026",,"4","10",4,10,"2/16/2026",1,"Null Produ"
"109979","106","2/5/2026",,"3","20",3,20,"2/5/2026",1,"Null Produ"
"109979","105","2026/13/40","P_029","4","0",4,0,"2026/13/40",1,"Invalid Da"
"109979","106","2/5/2026",,"3","20",3,20,"2/5/2026",1,"Null Produ"
"110000","105","2/9/2026",,"4","5",4,5,"2/9/2026",1,"Null Produ"
"110051","103","2026/13/40","P_011","4","5",4,5,"2026/13/40",1,"Invalid Da"
"110058",,"2/23/2026","P_046","4","20",4,20,"2/23/2026",1,"Null Store"
"110078",,"2/23/2026","P_039","4","0",4,0,"2/23/2026",1,"Null Store"
"110115","105","2/11/2026","P_048","5","150",5,150,"2/11/2026",1,"Discount >"
"110125","107","2/6/2026",,"2","10",2,10,"2/6/2026",1,"Null Produ"
"110127","108","2/16/2026",,"3","15",3,15,"2/16/2026",1,"Null Produ"
"110128","106","2/4/2026",,"4","5",4,5,"2/4/2026",1,"Null Produ"
"110166",,"2/7/2026","P_040","3","10",3,10,"2/7/2026",1,"Null Store"
"110178","106","3/30/2026","P_029","0","0",0,0,"3/30/2026",1,"Zero Quant"
"110195","103","3/30/2026","P_024","0","20",0,20,"3/30/2026",1,"Zero Quant"
"110202","108","3/22/2026",,"5","20",5,20,"3/22/2026",1,"Null Produ"
"110209","104","3/4/2026","P_027","4","150",4,150,"3/4/2026",1,"Discount >"
"110233","103","3/12/2026","P_008","0","5",0,5,"3/12/2026",1,"Zero Quant"
"110263","107","3/21/2026","P_012","2","150",2,150,"3/21/2026",1,"Discount >"
"110271","108","3/20/2026","P_036","4","150",4,150,"3/20/2026",1,"Discount >"
"110272","101","3/8/2026",,"2","15",2,15,"3/8/2026",1,"Null Produ"
"110272","101","3/8/2026",,"2","15",2,15,"3/8/2026",1,"Null Produ"
"110279","105","3/23/2026","P_016","0","10",0,10,"3/23/2026",1,"Zero Quant"
"110280","105","2026/13/40","P_020","4","20",4,20,"2026/13/40",1,"Invalid Da"
"110310","105","3/13/2026",,"2","10",2,10,"3/13/2026",1,"Null Produ"
"110327","108","2026/13/40","P_032","4","5",4,5,"2026/13/40",1,"Invalid Da"
"110338","108","3/9/2026",,"3","0",3,0,"3/9/2026",1,"Null Produ"
"110338","103","3/9/2026","P_008","5","150",5,150,"3/9/2026",1,"Discount >"
"110345","107","3/9/2026",,"1","0",1,0,"3/9/2026",1,"Null Produ"
"110367","107","2026/13/40","P_032","2","15",2,15,"2026/13/40",1,"Invalid Da"
"110394","104","3/7/2026","P_049","4","150",4,150,"3/7/2026",1,"Discount >"
"110400","103","3/30/2026",,"5","20",5,20,"3/30/2026",1,"Null Produ"
"110436","108","3/4/2026",,"2","10",2,10,"3/4/2026",1,"Null Produ"
"110453","105","3/28/2026","P_024","0","5",0,5,"3/28/2026",1,"Zero Quant"
"110461","103","3/10/2026","P_005","5","150",5,150,"3/10/2026",1,"Discount >"
"110490","106","3/23/2026",,"1","5",1,5,"3/23/2026",1,"Null Produ"
"110490","103","2026/13/40","P_027","2","15",2,15,"2026/13/40",1,"Invalid Da"
"110505","108","3/8/2026",,"5","5",5,5,"3/8/2026",1,"Null Produ"
"110564","108","3/28/2026","P_010","5","150",5,150,"3/28/2026",1,"Discount >"
"110567","105","3/25/2026","P_028","4","150",4,150,"3/25/2026",1,"Discount >"
"110602","106","3/27/2026","P_007","0","15",0,15,"3/27/2026",1,"Zero Quant"
"110603","102","3/10/2026",,"1","0",1,0,"3/10/2026",1,"Null Produ"
